English,Spanish,French,German,Italian;;;;
Cable car gives quick access to spectacular views over Dubrovnik and out to the islands .,,,,;El teleférico ofrece acceso rápido a vistas espectaculares de Dubrovnik y las islas.;Le téléphérique offre un accès rapide à des vues spectaculaires sur Dubrovnik et les îles.;Die Seilbahn bietet schnellen Zugang zu spektakulären Ausblicken über Dubrovnik und die Inseln.;La funivia offre un rapido accesso a viste spettacolari su Dubrovnik e sulle isole.,,,,
A museum at the top in an old fort and also good restaurant .,,,,;Un museo en la cima de un antiguo fuerte y también un buen restaurante.;Un musée au sommet d'un vieux fort et un bon restaurant.;Oben in einer alten Festung befindet sich ein Museum und ein gutes Restaurant.;Un museo in cima in un vecchio forte e anche un buon ristorante.,,,,
Dubrovnik Old Town is magical and nowhere more so than at the top of the mountain , accessed by the cable car !,,,,;El casco antiguo de Dubrovnik es mágico, y en ningún otro lugar es más mágico que en la cima de la montaña, ¡al que se accede en teleférico!;La vieille ville de Dubrovnik est magique, et nulle part ailleurs qu'au sommet de la montagne, accessible par le téléphérique !;Die Altstadt von Dubrovnik ist magisch, und nirgendwo ist sie so magisch wie auf dem Gipfel des Berges, den man mit der Seilbahn erreicht!;La città vecchia di Dubrovnik è magica e da nessuna parte più che in cima alla montagna, raggiungibile con la funivia!,,,,
Even more disgruntled that we did not even get an apology from the company !,,,,;¡Qué disgusto aún mayor que ni siquiera recibimos una disculpa de la compañía!;Nous sommes encore plus mécontents de ne pas avoir reçu d'excuses de la part de la compagnie !;Noch ärgerlicher ist es, dass wir nicht einmal eine Entschuldigung vom Unternehmen erhalten haben!;Ancora più delusi dal fatto che non abbiamo nemmeno ricevuto delle scuse dalla compagnia!,,,,
A very short and expensive trip .,,,,;Un viaje muy corto y caro.;Un trajet très court et cher.;Eine sehr kurze und teure Fahrt.;Un viaggio molto breve e costoso.,,,,
Do not waste your money on the cable car .,,,,;No malgastes tu dinero en el teleférico.;Ne gaspillez pas votre argent dans le téléphérique.;Verschwenden Sie Ihr Geld nicht für die Seilbahn.;Non sprecare i tuoi soldi con la funivia.,,,,
A bargain and a must .,,,,;Una ganga, una visita obligada.;Une bonne affaire et un incontournable.;Ein Schnäppchen und ein Muss.;Un affare e un must.,,,,
A very short ride for an expensive price of a view that was all most the same as that from the approach of a service bus .,,,,;Un viaje muy corto por un precio elevado, con unas vistas prácticamente iguales a las que se ven desde un autobús.;Un trajet très court pour un prix élevé, avec une vue quasiment identique à celle d'un bus.;Eine sehr kurze Fahrt zu einem hohen Preis mit einer Aussicht, die fast der eines Linienbusses entsprach.;Un viaggio molto breve a un prezzo elevato per una vista che era quasi la stessa di quella che si poteva ammirare dall'avvicinarsi di un autobus di linea.,,,,
Definitely not to be missed  .,,,,;Definitivamente no te lo puedes perder.;À ne surtout pas manquer.;Auf keinen Fall verpassen.;Sicuramente da non perdere.,,,,
And it is not expensive !,,,,;¡Y no es caro!;Et ce n'est pas cher !;Und es ist nicht teuer!;E non è costoso!,,,,
After much discussion they offered the number for a taxi company , but that company failed to pick up others so we waited out the storm and walked down in the dark , very late at night .,,,,;Después de mucho discutir, nos ofrecieron el número de una compañía de taxis, pero esa compañía no consiguió recoger a otros, así que... Esperé a que pasara la tormenta y bajé caminando en la oscuridad, muy tarde en la noche.;Après de longues discussions, ils nous ont proposé le numéro d'une compagnie de taxi, mais celle-ci n'a pas pu prendre d'autres passagers. Nous avons donc attendu la fin de la tempête et sommes descendus à pied dans le noir. Tard dans la nuit…;Nach langer Diskussion gaben sie uns die Nummer eines Taxiunternehmens, aber dieses Unternehmen nahm keine anderen mit, also warteten wir das Ende des Sturms ab und gingen zu Fuß im Dunkeln hinunter, sehr spät in der Nacht. .,,,,;Dopo una lunga discussione ci hanno offerto il numero di una compagnia di taxi, ma quella compagnia non è riuscita a prenderne altre, quindi abbiamo aspettato che passasse la tempesta e siamo scesi a piedi al buio , molto tardi la notte .,,,,
Forget seeing anything out of the cable car as they are too packed .,,,,;Olvídate de ver nada desde el teleférico, ya que están demasiado llenos.;Oubliez toute visite depuis le téléphérique, il y a trop de monde…;Von der Seilbahn aus kann man nichts sehen, da sie zu voll sind.,,,,;Dimenticatevi di vedere qualcosa fuori dalla funivia perché sono troppo affollate .,,,,
But there was no driver to pick us up .,,,,;Pero no había conductor que nos recogiera.;Mais il n'y avait pas de chauffeur pour venir nous chercher…;Aber es gab keinen Fahrer, der uns abholen konnte.,,,,;Ma non c'era nessun autista a prenderci .,,,,
Fab views of old city from top & has an interesting museum within the fort on the war .,,,,;Vistas fabulosas del casco antiguo desde arriba y tiene un interesante museo dentro del fuerte sobre la guerra.;Vue imprenable sur la vieille ville depuis le sommet et musée intéressant sur la guerre dans le fort…;Fantastische Aussicht auf die Altstadt von oben und ein interessantes Museum in der Festung über den Krieg.,,,,;Viste fantastiche della città vecchia dall'alto e c'è un interessante museo all'interno del forte sulla guerra .,,,,
An excellent way to view the old city without climbing all the steps .,,,,;Una excelente manera de ver el casco antiguo sin subir todas las escaleras.;Un excellent moyen de découvrir la vieille ville sans gravir toutes les marches…;Eine hervorragende Möglichkeit, die Altstadt zu besichtigen, ohne all die Stufen hinaufsteigen zu müssen.,,,,;Un modo eccellente per vedere la città vecchia senza salire tutti i gradini .,,,,
And we lucked out as it was right before sunset began .,,,,;Y tuvimos suerte, ya que era justo antes del atardecer.;Et nous avons eu de la chance, c'était juste avant le coucher du soleil…;Und wir hatten Glück, denn es war kurz vor Sonnenuntergang.,,,,;E siamo stati fortunati perché era appena prima che iniziasse il tramonto .,,,,
But I do not know what services are worth paying for on this trip .,,,,;Pero no sé qué servicios vale la pena pagar en este viaje.;Mais je ne sais pas quels services valent la peine d'être payés pour ce voyage…;Aber ich weiß nicht, für welche Leistungen sich bei dieser Reise das Geld lohnt.,,,,;Ma non so quali servizi valga la pena pagare per questo viaggio .,,,,
Especially because no one says it really but you can either walk up there either go by car ( 10/15 min from Dubrovnik ) .,,,,;Sobre todo porque nadie lo dice realmente, pero puedes subir caminando o ir en coche (a 10/15 minutos de Dubrovnik).;Surtout parce que personne ne le dit vraiment, mais on peut y aller à pied ou en voiture (à 10/15 minutes de Dubrovnik)…;Vor allem, weil es niemand so genau sagt, aber man kann entweder zu Fuß hochgehen oder mit dem Auto fahren (10–15 Minuten von Dubrovnik).,,,,;Soprattutto perché nessuno lo dice davvero ma puoi salire a piedi o andare in macchina (10/15 minuti da Dubrovnik) .,,,,
As soon as the call ended , I immediately received an e mail to say that my transfers had been cancelled .,,,,;En cuanto terminé la llamada, recibí inmediatamente un correo electrónico diciendo que mis traslados habían sido cancelados.;Dès la fin de l'appel, j'ai immédiatement reçu un e-mail m'informant que mes transferts avaient été annulés…;Sobald das Gespräch beendet war, erhielt ich sofort eine E-Mail, dass meine Transfers abgesagt worden waren.,,,,;Non appena la chiamata è finita, ho ricevuto immediatamente un'e-mail per dire che i miei trasferimenti erano stati cancellati .,,,,
Our tour guide - Anna - was very hurried and disorganized .,,,,;Nuestra guía turística, Anna, estaba muy apresurada y desorganizada.;Notre guide, Anna, était très pressée et désorganisée…;Unsere Reiseleiterin Anna war sehr eilig und unorganisiert.,,,,;La nostra guida turistica, Anna, era molto frettolosa e disorganizzata .,,,,
As you get into the cable car head to the front for an incredible view as you descend .,,,,;Como Sube al teleférico y dirígete a la parte delantera para disfrutar de unas vistas increíbles mientras desciendes.;En montant dans le téléphérique, dirigez-vous vers l'avant pour une vue incroyable. Descente.;Beim Einsteigen in die Seilbahn sollte man nach vorne gehen, um beim Hinunterfahren eine unglaubliche Aussicht zu genießen. .,,,,;Quando sali sulla funivia, dirigiti verso la parte anteriore per una vista incredibile mentre scendi .,,,,
By this time the second car had descended , however , another 10 minutes passed before the ticket office opened .,,,,;"Para entonces, el segundo teleférico ya había descendido; sin embargo, pasaron otros 10 minutos antes de que abriera la taquilla.";À ce moment-là, la deuxième voiture était déjà descendue, mais 10 minutes supplémentaires se sont écoulées avant l'ouverture de la billetterie.;Inzwischen war der zweite Wagen bereits unten angekommen, es dauerte jedoch noch 10 Minuten, bis der Fahrkartenschalter öffnete.,,,,;A questo punto la seconda carrozza era scesa, tuttavia, sono passati altri 10 minuti prima che la biglietteria aprisse .,,,,
Excellent views of Dubrovnik and wonderful food at the summit restaurant , just be sure to book a table in advanced especially if you desire a table with a view .,,,,;Excelentes vistas de Dubrovnik y comida maravillosa en el restaurante de la cima. Solo asegúrate de reservar mesa con antelación, especialmente si deseas una mesa con vistas.;Excellentes vues sur Dubrovnik et excellente cuisine au restaurant du sommet. Pensez à réserver une table à l'avance, surtout si vous souhaitez une table avec vue.;Hervorragende Aussicht auf Dubrovnik und wunderbares Essen im Gipfelrestaurant. Reservieren Sie unbedingt im Voraus, besonders wenn Sie einen Tisch mit Aussicht wünschen.,,,,;Viste eccellenti di Dubrovnik e cibo meraviglioso al ristorante in cima, assicurati solo di prenotare un tavolo in anticipo, soprattutto se desideri un tavolo con vista .,,,,
A great insight to the history and background of the area .,,,,;Una gran perspectiva de la historia y los antecedentes de la zona.;Un excellent aperçu de l'histoire et du contexte de la région.;Ein großartiger Einblick in die Geschichte und den Hintergrund der Region.,,,,;Una grande panoramica della storia e del contesto della zona .,,,,
Enjoyed a good beer on top of the city .,,,,;Disfrutamos de una buena cerveza en la cima de la ciudad.;Nous avons dégusté une bonne bière au sommet de la ville.;Wir haben ein gutes Bier auf dem Dach der Stadt genossen.,,,,;Ci siamo goduti una buona birra in cima alla città .,,,,
By then there was total confusion and people were getting into taxis that others had called for in desperation .,,,,;Para entonces, la confusión era total y la gente se subía a los taxis que otros habían pedido desesperadamente.;À ce moment-là, la confusion était totale et les gens montaient dans des taxis que d'autres avaient appelés en désespoir de cause.;Inzwischen herrschte völliges Durcheinander, und die Leute stiegen in Taxis, die andere verzweifelt gerufen hatten.,,,,;A quel punto c'era confusione totale e le persone salivano sui taxi che altri avevano chiamato per disperazione .,,,,
At the border there was a hassle with the drivers documents we think as he was taken away for around 20 minutes with no explanation even when he got back .,,,,;En la frontera, creemos que hubo un problema con los documentos del conductor, ya que se lo llevaron durante unos 20 minutos sin ninguna explicación, incluso cuando regresó.;À la frontière, il y a eu un problème avec les papiers du conducteur, nous pensons qu'il a été emmené pendant environ 20 minutes sans aucune explication, même à son retour.;An der Grenze gab es vermutlich Ärger mit den Fahrerpapieren, da er für etwa 20 Minuten ohne Erklärung abgeführt wurde, selbst als er zurückkam.,,,,;Al confine c'è stato un problema con i documenti dell'autista, pensiamo, perché è stato portato via per circa 20 minuti senza spiegazioni, anche quando è tornato .,,,,
Excellent views of the bays , including LapadBay where the Kompas hotel is , and the mountains .,,,,;Excelentes vistas de las bahías, incluida la bahía de Lapad, donde está el hotel Kompas, y de las montañas.;Excellentes vues sur les baies, dont la baie de Lapad où se trouve l'hôtel Kompas, et sur les montagnes.;Hervorragende Aussicht auf die Buchten, einschließlich der Lapad-Bucht, wo sich das Hotel Kompas befindet, und die Berge.,,,,;Viste eccellenti delle baie, inclusa LapadBay dove si trova l'hotel Kompas, e delle montagne .,,,,
A few passengers looked awful unwell from the long drive and dehydration .,,,,;Algunos pasajeros tenían un aspecto horrible. Indispuestos por el largo viaje y la deshidratación...;Quelques passagers semblaient très malades à cause du long trajet et de la déshydratation. .,,,,;Einige Passagiere sahen von der langen Fahrt und der Dehydrierung sehr krank aus. .,,,,;Alcuni passeggeri sembravano terribilmente malati a causa del lungo viaggio e della disidratazione .,,,,
Absolutely worth the visit .,,,,;Vale la pena la visita.;Ça vaut vraiment le détour.,,,,;Ein Besuch lohnt sich absolut.,,,,;Vale assolutamente la pena visitarla .,,,,
Do not miss the war museum up there .,,,,;No se pierdan el museo de la guerra que está ahí arriba.;Ne manquez pas le musée de la guerre là-haut.,,,,;Verpassen Sie nicht das Kriegsmuseum dort oben.,,,,;Non perdetevi il museo della guerra lassù .,,,,
30 people herded in to a carriage that should really only have held half that amount .,,,,;30 personas metidas en un vagón que en realidad solo debería haber cabido la mitad.;30 personnes entassées dans un wagon qui n'aurait dû contenir que la moitié de ce nombre.,,,,;30 Personen in einen Waggon gepfercht, der eigentlich nur halb so viele Personen fassen sollte.,,,,;30 persone ammassate in una carrozza che in realtà avrebbe dovuto contenere solo la metà di quella quantità .,,,,
Firstly it was outrageous that a mature couple would be dropped at North City gate when the driver new that we would have to carry two large suitcases and two cabin bags down the 123 steps and then that the company justified this by saying it was their choice not ours .,,,,;Primero, fue indignante que nos dejaran en la puerta norte de la ciudad cuando el conductor sabía que tendríamos que bajar dos maletas grandes y dos bolsos de mano por los 123 escalones, y luego que la compañía lo justificara diciendo que era su decisión, no la nuestra.;Tout d'abord, c'était scandaleux qu'un couple d'âge mûr soit déposé à la porte Nord de la ville alors que le chauffeur savait que nous devrions descendre les 123 marches avec deux grosses valises et deux bagages cabine, et ensuite que la compagnie ait justifié cela en disant que c'était leur choix, pas le nôtre.,,,,;Erstens war es unerhört, dass ein älteres Paar am Nordtor der Stadt abgesetzt wurde, obwohl der Fahrer wusste, dass wir zwei große Koffer und zwei Handgepäckstücke die 123 Stufen hinuntertragen mussten. Dann rechtfertigte das Unternehmen dies damit, dass es ihre Entscheidung sei, nicht unsere.,,,,;Innanzitutto è stato scandaloso che una coppia matura venisse lasciata al cancello di North City quando l'autista sapeva che avremmo dovuto trasportare due grandi valigie e due bagagli a mano giù per i 123 gradini e poi che la compagnia lo giustificasse dicendo che era una loro scelta, non nostra .,,,,
At the end of the trip , we were abruptly told we would not be dropped off at our original pickup location and were left in the middle of the road about a half mile from our pickup location ( the local bus stop ) .,,,,;Al final del viaje, nos dijeron abruptamente que no nos dejarían en nuestro punto de recogida original y nos dejaron en medio de la carretera a unos 800 metros de nuestro punto de recogida (la parada de autobús local).;À la fin du trajet, on nous a brusquement annoncé que nous ne serions pas déposés à notre point de départ initial et on nous a laissés au milieu de la route à environ 800 mètres de notre point de départ (l'arrêt de bus local).,,,,;Am Ende der Fahrt wurde uns abrupt mitgeteilt, dass wir nicht an unserem ursprünglichen Abholort abgesetzt würden. Wir wurden mitten auf der Straße, etwa 800 Meter von unserem Abholort (der örtlichen Bushaltestelle) entfernt, abgesetzt.,,,,;Alla fine del viaggio, ci è stato detto all'improvviso che non saremmo stati lasciati al nostro punto di prelievo originale e siamo stati lasciati in mezzo alla strada a circa mezzo miglio dal nostro punto di prelievo (la fermata dell'autobus locale) .,,,,
Although I do not have a head for heights , I really enjoyed the cable car !,,,,;Aunque no tengo vértigo, ¡disfruté mucho del teleférico!;Même si je n'ai pas le vertige, j'ai vraiment apprécié le téléphérique !,,,,;Obwohl ich nicht schwindelfrei bin, hat mir die Seilbahn sehr gut gefallen!,,,,;Sebbene non abbia la testa per le altezze, mi è piaciuta molto la funivia!,,,,
A great way to see the surrounding countryside and spectacular views of the OldTown .,,,,;Una forma estupenda de ver el campo circundante y las espectaculares vistas del casco antiguo.;Une excellente façon de découvrir la campagne environnante et d'admirer des vues spectaculaires sur la vieille ville.,,,,;Eine tolle Möglichkeit, die umliegende Landschaft zu erkunden und einen spektakulären Blick auf die Altstadt zu genießen.,,,,;Un ottimo modo per vedere la campagna circostante e viste spettacolari della Città Vecchia .,,,,
A disaster that will not happen again because I will not use your services again .,,,,;Un desastre que... No volverá a pasar porque no volveré a usar sus servicios.;Un désastre qui ne se reproduira plus, car je ne ferai plus appel à vos services. .,,,,;Eine Katastrophe, die sich nicht wiederholen wird, weil ich sie nicht benutzen werde Ihre Dienste wieder.;Un disastro che non accadrà più perché non userò il tuo servizi di nuovo .,,,,
For a reason my booking was cancelled and the website clearly states no charge for 5 days notice for standard taxi and 24 hours notice for luxury .,,,,;Por alguna razón, mi reserva fue cancelada y la página web indica claramente que no hay cargo por aviso de 5 días para taxis estándar y de 24 horas para taxis de lujo.;Pour une raison quelconque, ma réservation a été annulée, et le site web indique clairement qu'il n'y a pas de frais pour un taxi standard avec un préavis de 5 jours et un préavis de 24 heures pour un taxi de luxe.,,,,;Aus irgendeinem Grund wurde meine Buchung storniert, und auf der Website steht eindeutig, dass bei einer Vorlaufzeit von 5 Tagen für ein Standardtaxi und 24 Stunden für ein Luxustaxi keine Gebühr anfällt.;Per un motivo la mia prenotazione è stata annullata e il sito web afferma chiaramente che non ci sono costi per un preavviso di 5 giorni per un taxi standard e un preavviso di 24 ore per il lusso .,,,,
Afterwards we walked to local village Bosanka ( about a mile ) and had a terrific lunch at KonobaDubrava - well worth the walk !,,,,;Después caminamos hasta el pueblo de Bosanka (aproximadamente 1,6 km) y disfrutamos de un almuerzo estupendo en Konoba Dubrava. ¡Valió la pena la caminata!;Ensuite, nous avons marché jusqu'au village de Bosanka (environ 1,6 km) et avons déjeuné à KonobaDubrava – ça valait vraiment le détour !,,,,;Danach gingen wir zu Fuß ins nahegelegene Dorf Bosanka (etwa 1,6 km) und aßen ein fantastisches Mittagessen in der Konoba Dubrava – der Spaziergang hat sich wirklich gelohnt!;Successivamente abbiamo camminato fino al villaggio locale di Bosanka (circa un miglio) e abbiamo pranzato alla KonobaDubrava - ne valeva la pena!,,,,
After that tAke a deep breath and enjoy the ride both ways .,,,,;Después de eso, respiren hondo y disfruten del viaje de ida y vuelta.;Après cela, respirez profondément et profitez du trajet aller-retour.,,,,;Danach tief durchatmen und die Fahrt in beide Richtungen genießen.;Dopo di che prendi un respiro profondo e goditi il __viaggio in entrambe le direzioni .,,,,
Besides , he was cursing and commenting everything on the way of 20km .,,,,;Además, estuvo maldiciendo y comentando todo durante los 20 km.;En plus, il n'arrêtait pas de jurer et de commenter tout sur les 20 km de route.,,,,;Außerdem fluchte er und kommentierte alles auf dem 20 km langen Weg.;Inoltre, stava imprecando e commentando tutto durante il percorso di 20 km .,,,,
A good way to get away from the crowded streets below .,,,,;Una buena manera de escapar de las calles abarrotadas de gente.;Un bon moyen de s'éloigner des rues bondées en contrebas.,,,,;Eine gute Möglichkeit, den überfüllten Straßen unten zu entkommen.;Un buon modo per allontanarsi dalle strade affollate sottostanti .,,,,
Everything they confirmed in their emails were lies .,,,,;Todo lo que confirmaron en sus correos electrónicos era mentira.;Tout ce qu'ils ont confirmé dans leurs e-mails était des mensonges.,,,,;Alles, was sie in ihren E-Mails bestätigten, war gelogen.;Tutto ciò che hanno confermato nelle loro e-mail erano bugie .,,,,
Also the museum is worth a visit .,,,,;Además, el museo merece una visita.;Le musée vaut également le détour.,,,,;Außerdem ist das Museum einen Besuch wert.;Anche il museo merita una visita .,,,,
At this point , she asked us to move as two people who sat there ‚Ä∞√õ√è had written a note ‚Ä∞√õ¬ù requesting for the seat .,,,,;"En ese momento, nos pidió que nos moviéramos porque dos personas que estaban sentadas allí ""Ä∞√õ√è"" habían escrito una nota. ‚Ä∞√õ¬ù solicitando el asiento...";À ce moment-là, elle nous a demandé de bouger, car deux personnes assises là avaient écrit un mot pour demander la place. .,,,,;An diesem Punkt bat sie uns, weiterzugehen, da zwei Personen, die dort saßen, eine Nachricht geschrieben hatten. ‚Ä∞√õ¬ù, um einen Sitzplatz gebeten.,,,,;A questo punto, ci ha chiesto di spostarci perché due persone sedute lì ‚Ä∞√õ√è avevano scritto una nota ‚Ä∞√õ¬ù richiesta per il posto .,,,,
Can not really describe it in words so I added a view photos ... I think it is worth the cost of admission .,,,,;No puedo describirlo con palabras, así que agregué fotos de la vista... Creo que vale la pena el precio de la entrada...;Je n'arrive pas vraiment à le décrire avec des mots, alors j'ai ajouté quelques photos… Je pense que le prix d'entrée en vaut la peine.,,,,;Ich kann es nicht wirklich in Worte fassen, deshalb habe ich ein paar Fotos hinzugefügt ... Ich denke, es ist den Eintrittspreis wert.,,,,;Non riesco a descriverlo a parole, quindi ho aggiunto una vista delle foto ... Penso che valga il costo del biglietto .,,,,
A very pleasant trip up in the cable car in a couple of minutes with the view getting better the higher you go .,,,,;Un viaje muy agradable en teleférico en un par de minutos, con la vista mejorando a medida que subes...;Une montée très agréable en téléphérique en quelques minutes, avec une vue de plus en plus belle à mesure que l'on monte.,,,,;Eine sehr angenehme Fahrt mit der Seilbahn in wenigen Minuten, mit einer Aussicht, die immer besser wird, je höher man kommt.,,,,;Un viaggio molto piacevole in funivia in un paio di minuti con la vista che migliora man mano che si sale .,,,,
150 kn for a fast ride and then a huge line to go back !,,,,;150 nudos para un viaje rápido y luego una cola enorme para volver.;150 kn pour un trajet rapide, puis une file d'attente interminable pour le retour !,,,,;150 kn für eine rasante Fahrt und dann eine lange Schlange für die Rückfahrt!,,,,;150 kn per un giro veloce e poi una fila enorme per tornare indietro !,,,,
A must do when visiting Dubrovnik .,,,,;Una visita obligada cuando visites Dubrovnik.;Un incontournable lors d'une visite à Dubrovnik.,,,,;Ein Muss bei einem Besuch in Dubrovnik.,,,,;Un must quando si visita Dubrovnik .,,,,
Fantastic !,,,,;¡Fantástico!;Fantastique !,,,,;Fantastisch!,,,,;Fantastico !,,,,